"Name","StudentTotal","InternationalStudentTotal","FacultyTotal","Tuition","Street","City","State","Zipcode","Locale","longitude","latitude"
"University of Alaska Fairbanks","15,579","428","1,972","28,128.00","Signers' Hall","Fairbanks","Alaska","99775","Suburb","-147.8211757","64.8562245"
"University of Alabama at Birmingham","20,647","706","6,174","None","Administration Bldg Suite 1070","None","None","None","None","None","None"
"Alabama A & M University","6,388","105","795","23,016.00","4900 Meridian Street","Normal","Alabama","35762","City","-86.5720616","34.7927879"
"Alabama State University","6,517","41","768","23,904.00","915 S Jackson Street","Montgomery","Alabama","36101","City","-86.2956923","32.3650918"
"Auburn University Main Campus","26,840","1,111","3,531","36,926.00","Auburn- Alabama","Auburn University","Alabama","36849","City","-85.4951663","32.5933574"
"Faulkner University","3,961","76","306","27,830.00","5345 Atlanta Hwy","Montgomery","Alabama","36109","City","-86.218042","32.38258"
"Samford University","5,190","76","921","36,895.00","800 Lakeshore Drive","Birmingham","Alabama","35229","Suburb","-86.7919957","33.465659"
"The University of Alabama","33,681","1,279","3,651","37,239.00","739 University Blvd","Tuscaloosa","Alabama","35487","City","-87.54608069999999","33.2095267"
"Troy University","36,806","860","1,737","22,502.00","University Avenue","Troy","Alabama","36082","Rural","-85.9517144","31.7972059"
"Tuskegee University","2,985","88","883","31,805.00","Kresge Center- 3rd Floor","Tuskegee","Alabama","36088","Town","None","None"
"University of Alabama in Huntsville","8,976","446","942","33,021.00","301 Sparkman Dr","Huntsville","Alabama","35899","City","-86.6397853","34.7251407"
"University of South Alabama","17,544","904","2,217","23,340.00","307 N University Blvd","Mobile","Alabama","36688","City","-88.1752139","30.6954258"
"Arkansas State University-Main Campus","17,591","810","1,485","23,917.00","2105 E. Aggie Road","State University","Arkansas","72467","City","-90.67485889999999","35.8430861"
"Harding University","7,740","314","821","24,740.00","915 E. Market Ave.","Searcy","Arkansas","72143","Town","-91.7263201","35.2491804"
"University of Arkansas at Little Rock","16,723","574","1,463","30,033.00","2801 S University Ave","Little Rock","Arkansas","72204","City","-92.3415717","34.7216432"
"University of Arkansas at Pine Bluff","3,811","None","540","22,589.00","1200 N University Mail Slot 4789","Pine Bluff","Arkansas","71601","City","None","None"
"University of Arkansas Main Campus","26,744","None","1,384","33,219.00","Administration Bldg 425","Fayetteville","Arkansas","72701","City","-94.1769533","36.0699572"
"University of Central Arkansas","13,293","793","1,581","23,606.00","201 Donaghey Ave","Conway","Arkansas","72035","Town","-92.454256","35.079147"
"Grand Canyon University","65,509","74","564","32,100.00","3300 W Camelback Rd","Phoenix","Arizona","85017","City","-112.1298877","33.5131895"
"Northern Arizona University","28,561","862","2,592","35,230.00","Center for International Education","Blome Building #02","Room","200","City","-111.6561879","35.1938686"
"Prescott College","1,526","28","227","38,249.00","220 Grove Ave","Prescott","Arizona","86301","City","-112.4766192","34.5448304"
"Alliant International University","4,517","200","534","None","10455 Pomerado Road","San Diego","California","92131","City","-117.0944537","32.8965805"
"Azusa Pacific University","11,474","372","1,161","42,848.00","901 E Alosta","Azusa","California","91702","Suburb","-117.8890242","34.1291939"
"Biola University","6,758","305","729","43,650.00","13800 Biola Ave","La Mirada","California","90639","Suburb","-118.0179863","33.9057332"
"California Institute of Integral Studies","1,603","105","171","None","1453 Mission Street","San Francisco","California","94103","City","-122.4164229","37.7746792"
"California Institute of Technology","2,274","579","2,173","54,090.00","1200 E California Blvd","Pasadena","California","91125","City","-118.1248773","34.1342922"
"California Lutheran University","4,812","379","492","48,782.00","60 W Olsen Rd","Thousand Oaks","California","91360","City","-118.8772454","34.2244935"
"California State University-East Bay","15,357","1,547","930","34,932.00","25800 Carlos Bee Blvd","Hayward","California","94542","City","-122.0573327","37.6562927"
"California State University-Fresno","22,285","725","1,893","32,229.00","5241 N Maple Ave","Fresno","California","93740","City","-119.7462226","36.8108284"
"California State University-Fullerton","39,521","1,872","2,640","33,380.00","800 N State College Blvd","Fullerton","California","92831","City","-117.8851143","33.8823994"
"California State University-Long Beach","37,602","1,982","2,892","34,168.00","1250 Bellflower Blvd","Long Beach","California","90840","City","-118.1156716","33.782702"
"California State University-Northridge","37,832","2,654","2,550","36,040.00","18111 Nordhoff St","Northridge","California","91330","City","-118.5262084","34.2398277"
"California State University-Sacramento","30,362","680","2,103","34,587.00","6000 J St","Sacramento","California","95819","City","-121.4265319","38.5669071"
"California State University-San Bernardino","19,065","927","1,302","32,223.00","5500 University Pky","San Bernardino","California","92407","City","-117.3219638","34.1832519"
"California State University-Stanislaus","9,411","155","843","31,220.00","One University Circle","Turlock","California","95382","Suburb","-120.8568887","37.5245713"
"Chapman University","7,706","309","1,176","56,341.00","One University Dr.","Orange","California","92866","City","-117.8524431","33.7933116"
"Claremont Graduate University","2,503","383","285","None","150 E Tenth St","Claremont","California","91711","Suburb","-117.7143271","34.1030004"
"John F Kennedy University","1,799","6","108","18,600.00","100 Ellinwood Way","Pleasant Hill","California","94523","Suburb","-122.0543582","37.9571415"
"La Sierra University","2,824","546","282","41,968.00","4500 Riverwalk Parkway","Riverside","California","92515","City","-117.5001118","33.9107229"
"Loyola Marymount University","9,752","346","1,602","55,299.00","One Lmu Drive","Los Angeles","California","90045","City","-118.4184969","33.9698183"
"Mills College","1,676","31","300","54,000.00","5000 MacArthur Blvd","Oakland","California","94613","City","-122.1842278","37.7773714"
"Mount St Mary's University ","3,175","22","297","47,270.00","12001 Chalon Rd","Los Angeles","California","90049","City","-118.4815446","34.0839639"
"Pepperdine University","8,201","468","1,158","55,296.00","24255 Pacific Coast Hwy","Malibu","California","90263","Rural","-118.7056781","34.0390661"
"Saint Marys College of California","4,357","76","588","54,742.00","1928 Saint Marys Road","Moraga","California","94556","Suburb","-122.1101353","37.8413472"
"San Diego State University","34,999","1,969","2,550","34,916.00","5500 Campanile Dr","San Diego","California","92182","City","-117.0716109","32.7727266"
"San Francisco State University","32,633","2,480","2,385","34,860.00","1600 Holloway Ave","San Francisco","California","94132","City","-122.4769623","37.7211776"
"Santa Clara University","10,184","1,101","1,449","55,797.00","500 El Camino Real","Santa Clara","California","95053","City","-121.9406449","37.3499438"
"Stanford University","22,026","5,896","8,321","57,755.00","355 Galvez Street","Stanford","California","94305","Suburb","-122.164466","37.4294886"
"University of California-Berkeley","39,175","4,012","7,760","55,510.00","103 Sproul Hall","Berkeley","California","94720","City","-122.2587865","37.869565"
"University of California-Davis","33,786","1,725","9,095","54,077.00","One Shields Avenue","Davis","California","95616","Suburb","-121.7462685","38.5409093"
"University of California-Irvine","29,200","1,712","6,013","52,303.00","Irvine, California 92697","P:","None","None","Rural","None","None"
"University of California-Los Angeles","40,863","3,850","11,571","54,434.00","405 Hilgard Ave","Los Angeles","California","90095","City","-118.439277","34.0725988"
"University of California-Merced","4,547","124","755","54,816.00","5200 North Lake Road","Merced","California","95343","Rural","-120.4311096","37.3637343"
"University of California-Riverside","22,067","1,015","2,802","53,213.00","900 University Ave","Riverside","California","92521","City","-117.3279084","33.9747337"
"University of California-San Diego","31,089","2,321","8,737","52,384.00","9500 Gilman Dr","La Jolla","California","92093","City","-117.2371192","32.8799547"
"University of California-San Francisco","3,080","127","8,130","None","500 Parnassus Ave","San Francisco","California","94143","City","-122.4585776","37.7640712"
"University of California-Santa Barbara","24,078","883","3,575","54,569.00","Santa Barbara, California 93106","P:","None","None","Suburb","None","None"
"University of California-Santa Cruz","18,412","293","2,280","55,893.00","1156 High St","Santa Cruz","California","95064","City","-122.0543109","36.9776276"
"University of La Verne","10,304","673","633","46,842.00","1950 Third St","La Verne","California","91750","Suburb","-117.7732346","34.1008542"
"University of Redlands","5,964","28","606","53,292.00","1200 E. Colton Ave","Redlands","California","92373","City","-117.1642824","34.0622845"
"University of San Diego","9,106","471","1,206","55,086.00","5998 Alcala Park","San Diego","California","92110","City","-117.1888956","32.7720928"
"University of San Francisco","11,313","1,274","1,218","54,774.00","2130 Fulton St","San Francisco","California","94117","City","-122.4506519","37.7765484"
"University of Southern California","40,515","7,467","9,963","57,876.00","University Park","Los Angeles","California","90089","City","-118.2789735","34.0309703"
"University of the Pacific","7,310","338","1,347","52,730.00","3601 Pacific Ave","Stockton","California","95211","City","-121.3124185","37.9800547"
"Whittier College","2,514","62","415","52,546.00","13406 E Philadelphia Street","Whittier","California","90601","Suburb","-118.0322857","33.9787488"
"Colorado State University","33,712","1,326","5,744","None","None","None","None","None","None","None","None"
"Regis University","14,706","140","804","45,283.00","3333 Regis Blvd","Denver","Colorado","80221","City","-105.0323727","39.7875977"
"University of Colorado at Boulder","36,946","1,658","7,361","48,414.00","Regent Drive at Broadway","Boulder","Colorado","80309","City","-105.2677661","40.0034113"
"University of Colorado at Colorado Springs","12,729","142","1,056","33,462.00","1420 Austin Bluffs Parkway","Colorado Springs","Colorado","80918","City","-104.8060771","38.8958038"
"University of Colorado Denver","31,972","1,433","12,440","34,950.00","1201 Larimer St","Denver","Colorado","80217","City","-105.0023241","39.7466611"
"University of Denver","13,879","1,141","1,968","52,751.00","2199 S. University Blvd","Denver","Colorado","80208","City","-104.9614844","39.6766368"
"University of Northern Colorado","15,503","92","1,476","31,185.00","Carter Hall - Rm 4000","Greeley","Colorado","80639","City","None","None"
"Albertus Magnus College","2,514","8","108","43,648.00","700 Prospect St","New Haven","Connecticut","06511","City","-72.9225714","41.3315693"
"Central Connecticut State University","15,391","311","1,320","32,475.00","1615 Stanley St","New Britain","Connecticut","06050","Suburb","-72.76384929999999","41.6931908"
"Fairfield University","5,802","127","774","55,590.00","1073 N Benson Rd","Fairfield","Connecticut","06824","Suburb","-73.254164","41.16116"
"Holy Apostles College and Seminary","479","44","51","10,165.00","33 Prospect Hill Rd","Cromwell","Connecticut","06416","Suburb","-72.6466104","41.6069319"
"Quinnipiac University","9,116","136","1,047","51,780.00","Mt Carmel Ave","Hamden","Connecticut","06518","Suburb","-72.8789073","41.42400689999999"
"Sacred Heart University","7,662","147","699","50,500.00","5151 Park Ave","Fairfield","Connecticut","06825","Suburb","-73.24099310000001","41.2222395"
"Saint Joseph College","2,879","5","330","44,630.00","1678 Asylum Avenue","West Hartford","Connecticut","06117","City","-72.72846550000001","41.780976"
"Southern Connecticut State University","14,217","94","1,311","30,937.00","501 Crescent Street","New Haven","Connecticut","06515","City","-72.9452743","41.3318336"
"University of Bridgeport","6,201","1,675","372","45,573.00","126 Park Avenue","Bridgeport","Connecticut","06604","City","-73.1901534","41.1646751"
"University of Connecticut","27,648","1,818","5,541","42,116.00","Storrs, Connecticut 06269","P:","None","None","Town","None","None"
"University of Hartford","8,695","442","1,050","45,164.00","200 Bloomfield Ave","West Hartford","Connecticut","06117","City","-72.7140108","41.7986018"
"Wesleyan University","3,514","284","1,017","58,371.00","237 High St","Middletown","Connecticut","06459","City","-72.6561627","41.5563557"
"Western Connecticut State University","7,872","16","675","32,576.00","181 White Street","Danbury","Connecticut","06810","City","-73.446533","41.400054"
"Yale University","12,893","2,649","11,592","58,250.00","New Haven, Connecticut 06520","P:","None","None","City","None","None"
"Delaware State University","4,099","88","633","30,238.00","1200 N. Dupont Highway","Dover","Delaware","19901","City","-75.5465562","39.1929816"
"University of Delaware","23,239","1,831","3,393","39,958.00","1","Newark","Delaware","19716","Suburb","-75.7471997","39.6833953"
"University of South Florida","41,861","1,772","4,269","None","4202 East Fowler Ave","None","None","None","None","None","None"
"Barry University","11,200","526","1,110","41,640.00","11300 NE 2nd Ave","Miami","Florida","33161","Suburb","-80.19404589999999","25.8773953"
"Florida Agricultural and Mechanical University","14,702","110","1,691","30,160.00","1500 S Martin Luther King Jr Blvd","Tallahassee","Florida","32307","City","-84.285619","30.4286389"
"Florida Atlantic University","36,164","840","2,550","31,322.00","777 Glades Rd","Boca Raton","Florida","33431","City","-80.1019381","26.3737529"
"Florida Gulf Coast University","12,958","196","1,182","36,016.00","10501 FGCU Blvd","South Fort Myers","Florida","33965","Rural","-81.776038","26.463569"
"Florida International University","56,288","3,845","2,989","34,819.00","11200 S. W. 8 Street","Miami","Florida","33199","Suburb","-80.3798661","25.7569643"
"Florida State University","45,876","1,692","4,950","35,498.00","211 Westcott Bldg","Tallahassee","Florida","32306","City","-84.2984889","30.4418778"
"Jacksonville University","4,085","None","335","46,544.00","2800 University Blvd N","Jacksonville","Florida","32211","City","-81.606326","30.3507909"
"Nova Southeastern University","39,245","1,148","2,683","38,694.00","3301 College Ave","Fort Lauderdale","Florida","33314","Suburb","-80.24012800000001","26.0788141"
"Stetson University","4,086","145","699","48,972.00","421 N Woodland Blvd","DeLand","Florida","32723","Suburb","-81.3032905","29.0366133"
"The University of West Florida","14,670","315","918","28,560.00","11000 University Parkway","Pensacola","Florida","32514","City","-87.21858619999999","30.5491387"
"University of Central Florida","66,273","1,659","4,218","34,638.00","4000 Central Florida Blvd","Orlando","Florida","32816","Suburb","-81.2033083","28.5968774"
"University of Florida","58,082","5,074","12,855","41,534.00","355 Tigert Hall","Gainesville","Florida","32611","City","-82.33997579999999","29.6494247"
"University of Miami","17,797","2,176","9,495","56,512.00","Masters of Arts: International Administration","University of Miami","None","None","Suburb","None","None"
"University of North Florida","18,950","389","1,518","32,445.00","1 UNF Drive","Jacksonville","Florida","32224","City","-81.5104313","30.2706682"
"Clark Atlanta University","4,301","58","559","33,862.00","223 James P Brawley Drive, S.W.","Atlanta","Georgia","30314","City","-84.4130399","33.7482561"
"Columbus State University","10,321","119","813","30,848.00","4225 University Ave","Columbus","Georgia","31907","City","-84.9414487","32.5023087"
"Emory University","14,751","1,948","9,228","55,992.00","408 Administration Building- 201 Dowman Drive","Atlanta","Georgia","30322","Suburb","-84.32399889999999","33.7925195"
"Georgia Southern University","23,026","371","2,358","31,110.00","Hwy 301 South","Statesboro","Georgia","30460","Town","-81.7834295","32.4488063"
"Georgia State University","37,712","1,617","3,423","42,408.00","33 gilmer st","Atlanta","Georgia","30303","City","-84.38590719999999","33.7534327"
"Kennesaw State University","28,407","636","2,205","32,466.00","1000 Chastain Rd","Kennesaw","Georgia","30144","Suburb","-84.5839132","34.0317143"
"Mercer University","9,530","263","1,530","45,807.00","1400 Coleman Avenue","Macon","Georgia","31207","City","-83.6514826","32.8293929"
"University of Georgia","38,822","1,423","7,029","39,030.00","Athens, Georgia 30602","P:","None","None","City","None","None"
"University of North Georgia ","6,914","77","744","26,466.00","82 College Circle","Dahlonega","Georgia","30597","Town","-83.9857476","34.5302747"
"University of West Georgia","13,314","178","1,344","27,592.00","1601 Maple St","Carrollton","Georgia","30118","Town","-85.0993024","33.5729694"
"Valdosta State University","15,095","219","1,467","29,774.00","1500 N Patterson","Valdosta","Georgia","31698","City","-83.28921419999999","30.8491152"
"University of Hawaii at Hilo","4,788","248","672","31,113.00","200 W Kawili St","Hilo","Hawaii","96720","Town","-155.0792938","19.7012996"
"University of Hawaii at Manoa","23,854","1,814","4,560","47,208.00","2500 Campus Road","Honolulu","Hawaii","96822","City","-157.8208122","21.2979324"
"Drake University","15,179","422","853","41,252.00","2507 University Avenue","Des Moines","Iowa","50311","City","-93.6521453","41.6012135"
"Iowa State University","34,434","3,708","5,713","34,013.00","100 Enrollment Services Center","Ames","Iowa","50011","City","-93.6491422","42.0250727"
"Saint Ambrose University","3,954","28","633","37,255.00","518 W Locust St","Davenport","Iowa","52803","City","-90.5799802","41.539169"
"University of Dubuque","2,257","71","261","32,050.00","2000 University Ave","Dubuque","Iowa","52001","City","-90.6921934","42.4977869"
"University of Iowa","33,952","3,414","7,007","38,454.00","101 Jessup Hall","Iowa City","Iowa","52242","City","-91.5364924","41.661897"
"University of Northern Iowa","11,928","572","1,830","29,737.00","1227W 27th St","Cedar Falls","Iowa","50614","City","-92.45956810000001","42.514711"
"Boise State University","29,520","442","1,866","29,592.00","1910 University Dr","Boise","Idaho","83725","City","-116.2067524","43.6049685"
"Idaho State University","18,620","522","1,797","30,646.00","921 S 8th Ave","Pocatello","Idaho","83209","City","-112.4329533","42.8619559"
"University of Idaho","15,087","585","2,239","31,620.00","875 Perimeter Drive","Moscow","Idaho","83844","Rural","-117.0239019","46.7274712"
"Aurora University","8,004","2","354","31,476.00","347 S Gladstone Ave","Aurora","Illinois","60506","Suburb","-88.3476948","41.7549208"
"Benedictine University","10,152","72","429","34,564.00","5700 College Rd","Lisle","Illinois","60532","Suburb","-88.09489789999999","41.77886280000001"
"Bradley University","6,206","303","1,044","38,230.00","1501 W Bradley Ave","Peoria","Illinois","61625","City","-89.61528779999999","40.69774719999999"
"Chicago State University","8,981","7","891","30,184.00","9501 S. King Drive","Chicago","Illinois","60628","City","-87.6133634","41.7211175"
"Concordia University - River Forest, Illinois","6,513","20","423","36,306.00","7400 Augusta","River Forest","Illinois","60305","Suburb","-87.8095357","41.8997104"
"DePaul University","29,862","1,151","2,868","45,618.00","55 E Jackson","Chicago","Illinois","60604","City","-87.6254637","41.8780086"
"Dominican University","4,408","80","468","37,170.00","7900 W Division St","River Forest","Illinois","60305","Suburb","-87.822057","41.902411"
"Governors State University","7,440","131","645","None","1 University Pky","University Park","Illinois","60466","Rural","-87.7135595","41.4493472"
"Illinois State University","23,785","481","2,646","31,776.00","North and School Streets","Normal","Illinois","61790","City","-88.98994479999999","40.5237956"
"Lewis University","7,740","97","621","36,645.00","One University Parkway","Romeoville","Illinois","60446","Suburb","-88.0804639","41.6048148"
"Loyola University Chicago","18,190","565","2,358","47,664.00","820 N. Michigan","Chicago","Illinois","60611","City","-87.6249946","41.897329"
"National-Louis University","9,773","24","624","20,245.00","122 S Michigan Ave","Chicago","Illinois","60603","City","-87.62469500000002","41.8800946"
"North Park University","3,777","138","366","31,970.00","3225 W Foster Ave","Chicago","Illinois","60625","City","-87.7104042","41.9748277"
"Northern Illinois University","27,287","945","2,717","36,418.00","1425 W. Lincoln Hwy.","Dekalb","Illinois","60115","Suburb","-88.77985369999999","41.9339755"
"Northwestern University","23,634","3,056","6,873","58,829.00","633 Clark St","Evanston","Illinois","60208","City","-87.679727","42.0506258"
"Olivet Nazarene University","6,448","21","387","37,690.00","One University Avenue","Bourbonnais","Illinois","60914","Suburb","-87.8723694","41.1549071"
"Roosevelt University - Pathway Program","8,224","398","726","43,200.00","430 S Michigan Ave","Chicago","Illinois","60605","City","-87.62485509999999","41.87599580000001"
"Southern Illinois University Carbondale","22,814","1,462","4,053","35,158.00","1","Carbondale","Illinois","62901","Rural","-89.22238689999999","37.7421379"
"Southern Illinois University Edwardsville","16,484","434","1,878","31,608.00","Il State Rte 157","Edwardsville","Illinois","62026","Suburb","-89.953223","38.8117442"
"Trinity International University - Deerfield, Illinois","3,633","224","234","37,090.00","2065 Half Day Rd","Deerfield","Illinois","60015","Suburb","-87.8809462","42.1978847"
"University of Chicago","17,645","3,191","8,633","59,950.00","5801 S Ellis Ave","Chicago","Illinois","60637","City","-87.60093239999999","41.7895762"
"University of Illinois at Chicago","31,221","2,172","5,766","40,268.00","601 S Morgan","Chicago","Illinois","60607","City","-87.6509962","41.8737629"
"University of Illinois at Springfield","6,269","279","603","28,671.00","One University Plaza","Springfield","Illinois","62703","City","-89.6150115","39.7293533"
"University of Illinois at Urbana-Champaign","47,146","8,175","6,444","41,770.00","601 E John Street","Champaign","Illinois","61820","City","-88.23003729999999","40.1088318"
"Western Illinois University","14,649","466","1,998","27,244.00","1 University Circle","Macomb","Illinois","61455","Town","-90.6844012","40.4761742"
"Wheaton College","3,354","105","600","39,996.00","501 College Ave","Wheaton","Illinois","60187","Suburb","-88.09960579999999","41.868737"
"Anderson University - Anderson, Indiana","3,047","70","405","36,870.00","1100 E 5th St","Anderson","Indiana","46012","City","-85.6656014","40.1100894"
"Ball State University","25,777","809","2,874","34,740.00","2000 University Ave","Muncie","Indiana","47306","City","-85.4089236","40.1971281"
"Butler University","4,983","137","1,008","45,748.00","4600 Sunset Ave","Indianapolis","Indiana","46208","City","-86.1705927","39.84008559999999"
"Grace College and Theological Seminary","2,055","100","135","31,960.00","200 Seminary Dr","Winona Lake","Indiana","46590","Town","-85.81591159999999","41.2258777"
"Huntington University","1,300","48","183","35,995.00","2303 College Ave","Huntington","Indiana","46750","Town","-85.499843","40.8990026"
"Indiana State University","15,240","630","1,437","29,062.00","210 N 7th St","Terre Haute","Indiana","47809","City","-87.40740319999999","39.4683597"
"Indiana University-Bloomington","47,743","5,670","7,239","42,065.00","107 South Indiana Ave.","Bloomington","Indiana","47405","City","-86.5265478","39.16609"
"Indiana University-Purdue University-Indianapolis","38,249","1,726","7,983","41,942.00","425 University Blvd","Indianapolis","Indiana","46202","City","-86.1752156","39.7737388"
"Indiana Wesleyan University","24,215","22","750","32,276.00","4201 S Washington St","Marion","Indiana","46953","Town","-85.6668454","40.5207334"
"Purdue University-Main Campus","44,644","7,580","6,870","40,916.00","Hovde Hall of Administration","West Lafayette","Indiana","47907","Suburb","-86.9143951","40.4282112"
"University of Evansville","3,109","178","531","42,200.00","1800 Lincoln Avenue","Evansville","Indiana","47722","City","-87.5321724","37.9734113"
"University of Indianapolis","6,412","503","654","35,892.00","1400 E Hanna Ave","Indianapolis","Indiana","46227","City","-86.1364602","39.709623"
"University of Notre Dame","12,910","1,044","3,039","55,257.00","University of Notre Dame","Notre Dame","Indiana","46556","Rural","-86.2353388","41.7055716"
"University of Southern Indiana","13,542","248","1,050","26,377.00","8600 University Blvd","Evansville","Indiana","47712","Suburb","-87.6761982","37.9614351"
"Valparaiso University","4,495","379","780","42,636.00","US Highway 30 and Sturdy Road","Valparaiso","Indiana","46383","Suburb","-87.0366641","41.460028"
"University of Kansas","28,091","2,363","2,814","None","1","None","None","None","None","None","None"
"Arkansas State University-Main Campus","17,591","810","1,485","23,917.00","2105 E. Aggie Road","State University","Arkansas","72467","City","-90.67485889999999","35.8430861"
"Baker University","5,029","9","201","36,348.00","618 Eighth Street","Baldwin City","Kansas","66006","Town","-95.1884616","38.7756745"
"Emporia State University","7,771","677","762","26,562.00","1200 Commercial","Emporia","Kansas","66801","Town","-96.18008979999999","38.4138338"
"Harding University","7,740","314","821","24,740.00","915 E. Market Ave.","Searcy","Arkansas","72143","Town","-91.7263201","35.2491804"
"Kansas State University","26,649","2,076","3,825","30,726.00","Anderson Hall","Manhattan","Kansas","66506","Town","-96.5810747","39.18862439999999"
"University of Arkansas at Little Rock","16,723","574","1,463","30,033.00","2801 S University Ave","Little Rock","Arkansas","72204","City","-92.3415717","34.7216432"
"University of Arkansas at Pine Bluff","3,811","None","540","22,589.00","1200 N University Mail Slot 4789","Pine Bluff","Arkansas","71601","City","None","None"
"University of Arkansas Main Campus","26,744","None","1,384","33,219.00","Administration Bldg 425","Fayetteville","Arkansas","72701","City","-94.1769533","36.0699572"
"University of Central Arkansas","13,293","793","1,581","23,606.00","201 Donaghey Ave","Conway","Arkansas","72035","Town","-92.454256","35.079147"
"Washburn University","8,593","201","795","24,572.00","1700 SW College Avenue","Topeka","Kansas","66621","City","-95.701567","39.03334"
"Wichita State University","18,656","1,609","1,589","24,201.00","1845 Fairmount","Wichita","Kansas","67260","City","-97.28623999999999","37.7214864"
"Bellarmine University","3,889","61","450","48,846.00","2001 Newburg Rd","Louisville","Kentucky","40205","City","-85.702846","38.2161003"
"Eastern Kentucky University","19,299","231","2,040","29,916.00","521 Lancaster Ave","admissions@eku.edu","None","None","Town","None","None"
"Northern Kentucky University","18,347","231","1,641","25,284.00","Nunn Drive","Highland Heights","Kentucky","41099","Suburb","-84.45931329999999","39.0333753"
"Pikeville College","1,452","12","246","30,550.00","147 Sycamore St","Pikeville","Kentucky","41501","Town","-82.5206131","37.4811243"
"Spalding University","2,596","24","267","32,764.00","845 S. Third Street","Louisville","Kentucky","40203","City","-85.7569401","38.2424168"
"University of Kentucky","29,633","1,312","6,675","31,780.00","410 Administration Drive","Lexington","Kentucky","40506","City","-84.5048995","38.0389102"
"University of Louisville","24,366","791","4,943","34,446.00","2301 S 3rd St","Louisville","Kentucky","40292","City","-85.76014339999999","38.2150536"
"Western Kentucky University","25,273","810","2,313","29,936.00","1906 College Heights Blvd","Bowling Green","Kentucky","42101","City","-86.45613759999999","36.9853546"
"Grambling State University","5,071","240","194","24,814.00","403 Main Street","GSU Box 4313","None","None","Rural","None","None"
"Louisiana State University and Agricultural & Mechanical College","32,013","1,847","5,454","32,422.00","101 Hatcher Hall","Baton Rouge","Louisiana","70803","Rural","-91.1820853","30.4122959"
"Louisiana Tech University","13,866","718","1,224","23,515.00","305 Wisteria","Ruston","Louisiana","71272","Town","-92.64820530000001","32.52688"
"Loyola University New Orleans","5,545","148","975","46,802.00","6363 Saint Charles Ave","New Orleans","Louisiana","70118","City","-90.12088179999999","29.93477949999999"
"Southeastern Louisiana University","18,497","264","1,527","25,385.00","548 Western Ave.","Hammond","Louisiana","70402","Town","-90.46753609999999","30.514"
"Southern University and A & M College","8,557","None","1,142","23,418.00","Southern Branch Post Office","Baton Rouge","Louisiana","70813","City","-91.0969537","30.3754438"
"Tulane University","14,037","1,174","3,406","56,484.00","6823 Saint Charles Ave","New Orleans","Louisiana","70118","City","-90.122739","29.9354099"
"University of Louisiana at Lafayette","18,914","736","1,752","22,896.00","104 University Circle","Lafayette","Louisiana","70503","City","-92.01909169999999","30.21532029999999"
"University of Louisiana Monroe","10,548","233","1,032","23,329.00","700 University Avenue","Monroe","Louisiana","71209","City","-92.074836","32.525521"
"University of New Orleans","13,832","847","1,122","29,288.00","2000 Lakeshore Drive","New Orleans","Louisiana","70148","City","-90.0678313","30.0269839"
"Xavier University of Louisiana","3,725","97","720","28,339.00","One Drexel Drive","New Orleans","Louisiana","70125","City","-90.107084","29.963863"
"Suffolk University","10,433","1,190","1,167","None","None","None","None","None","None","None","None"
"American International College","4,309","96","216","41,866.00","1000 State Street","Springfield","Massachusetts","01109","City","-72.5573236","42.1129218"
"Boston College","16,674","1,183","2,652","56,728.00","140 Commonwealth Ave","Chestnut Hill","Massachusetts","02467","City","-71.1668761","42.3400645"
"Boston University","40,968","6,522","9,070","56,842.00","One Silber Way","Boston","Massachusetts","02215","City","-71.0999554","42.3497046"
"Brandeis University","6,271","1,130","1,119","56,416.00","415 South St","Waltham","Massachusetts","02454","City","-71.2548772","42.365025"
"Clark University","3,869","773","656","46,200.00","950 Main St","Worcester","Massachusetts","01610","City","-71.82340169999999","42.25154990000001"
"Harvard University","34,342","6,141","10,065","56,000.00","Massachusetts Hall","Cambridge","Massachusetts","02138","City","-71.11818339999999","42.3748446"
"Lesley University","8,566","124","447","47,085.00","29 Everett St","Cambridge","Massachusetts","02138","City","-71.117232","42.380162"
"Massachusetts Institute of Technology","11,271","3,042","11,292","55,270.00","77 Massachusetts Avenue","Cambridge","Massachusetts","02139","City","-71.0931389","42.3592444"
"Northeastern University","36,462","6,327","3,309","53,812.00","360 Huntington Ave","Boston","Massachusetts","02115","City","-71.0881734","42.339348"
"Regis College","2,274","17","216","47,650.00","235 Wellesley St","Weston","Massachusetts","02493","Suburb","-71.308245","42.3514614"
"Simmons College","5,721","125","657","50,022.00","300 The Fenway","Boston","Massachusetts","02115","City","-71.1000654","42.3390832"
"Smith College","3,269","254","891","55,993.00","Elm St","Northampton","Massachusetts","01063","Suburb","-72.6467734","42.3234534"
"Springfield College","3,425","18","549","45,400.00","263 Alden St","Springfield","Massachusetts","01109","City","-72.55662149999999","42.1021856"
"Tufts University","11,451","1,098","2,550","56,600.00","1","Medford","Massachusetts","02155","Suburb","-71.0813311","42.4043229"
"University of Massachusetts Amherst","31,417","1,797","4,335","37,497.00","Amherst, Massachusetts 01003","P:","None","None","Town","None","None"
"University of Massachusetts-Boston","20,210","804","1,641","25,727.00","100 Morrissey Blvd","Boston","Massachusetts","02125","City","-71.0403304","42.3143222"
"University of Massachusetts-Dartmouth","10,663","289","1,140","35,012.00","285 Old Westport Rd","North Dartmouth","Massachusetts","02747","Suburb","-71.0059875","41.6241366"
"University of Massachusetts-Lowell","18,354","535","1,498","37,020.00","1 University Ave","Lowell","Massachusetts","01854","Suburb","-71.3250036","42.6539217"
"Western New England University","4,138","30","615","45,571.00","1215 Wilbraham Rd","Springfield","Massachusetts","01119","City","-72.522712","42.11338569999999"
"Worcester Polytechnic Institute","5,724","827","929","54,164.00","100 Institute Road","Worcester","Massachusetts","01609","City","-71.8066738","42.2745984"
"Bowie State University","6,220","108","678","30,063.00","14000 Jericho Park Rd","Bowie","Maryland","20715","Suburb","-76.7612748","39.0167504"
"Johns Hopkins University","25,376","3,535","11,955","57,442.00","3400 N Charles St- Mason Hall","Baltimore","Maryland","21218","City","-76.62155039999999","39.3259098"
"Loyola College in Maryland","6,748","126","1,002","54,700.00","4501 N Charles St","Baltimore","Maryland","21210","City","-76.62138","39.3461942"
"Morgan State University","8,761","436","1,476","29,829.00","1700 East Cold Spring Lane","Baltimore","Maryland","21251","City","-76.58498879999999","39.3475192"
"Towson University","25,648","965","3,456","36,295.00","8000 York Rd","Towson","Maryland","21252","City","-76.60710910000002","39.3936229"
"University of Maryland Eastern Shore","5,090","226","645","27,521.00","J.T. Williams Hall","Princess Anne","Maryland","21853","Town","None","None"
"University of Maryland-Baltimore County","14,756","995","1,977","33,677.00","1000 Hilltop Circle","Baltimore","Maryland","21250","Suburb","-76.7109835","39.2556072"
"University of Maryland-College Park","43,316","3,447","9,600","40,003.00","College Park, Maryland 20742","P:","None","None","Suburb","None","None"
"University of Maryland-University College","59,200","1,040","657","13,288.00","3501 University Blvd East","Adelphi","Maryland","20783","Suburb","-76.9539916","38.9864985"
"University of Maine","13,369","407","1,827","38,500.00","1","Orono","Maine","04469","Suburb","-68.6906185","44.9061345"
"University of New England","7,469","35","752","46,670.00","11 Hills Beach Rd","Biddeford","Maine","04005","City","-70.384982","43.4576419"
"University of Southern Maine","12,553","59","1,110","36,052.00","96 Falmouth St","Portland","Maine","04103","City","-70.2777677","43.6621143"
"Andrews University","4,573","762","666","32,402.00","Enrollment Management","Berrien Springs","Michigan","49104","Town","-86.3551457","41.9634241"
"Central Michigan University","33,352","1,179","2,460","32,624.00","1200 South Franklin Street","Mount Pleasant","Michigan","48859","Town","-84.775677","43.59072200000001"
"Eastern Michigan University","28,511","965","2,346","33,881.00","Eastern Michigan University","Ypsilanti","Michigan","48197","Suburb","-83.624089","42.2506803"
"Ferris State University","16,908","233","1,626","27,378.00","1201 S State St","Big Rapids","Michigan","49307","Town","-85.4826728","43.6838576"
"Grand Valley State University","28,824","397","3,162","25,510.00","1 Campus Dr","Allendale","Michigan","49401","Suburb","-85.8883334","42.9638087"
"Madonna University","6,383","351","348","25,234.00","36600 Schoolcraft Rd","Livonia","Michigan","48150","City","-83.404726","42.3842285"
"Michigan State University","52,567","5,811","7,731","42,148.00","101 Marshall Adams Hall","East Lansing","Michigan","48824","Rural","None","None"
"Michigan Technological University","7,605","1,084","1,442","38,252.00","1400 Townsend Drive","Houghton","Michigan","49931","Town","-88.5513295","47.1195315"
"Oakland University","23,557","471","1,626","34,878.00","1","Rochester Hills","Michigan","48309","Suburb","-83.132122","42.675502"
"University of Detroit Mercy","6,311","641","975","47,792.00","4001 W McNichols Rd","Detroit","Michigan","48221","City","-83.1367549","42.4155262"
"University of Michigan-Ann Arbor","44,453","5,706","17,547","50,352.00","603 E. Madison","Ann Arbor","Michigan","48109","City","-83.741867","42.274416"
"University of Michigan-Dearborn","10,546","403","936","22,402.00","4901 Evergreen Rd","Dearborn","Michigan","48128","City","-83.2300308","42.3189371"
"University of Michigan-Flint","8,574","663","576","32,119.00","303 E Kearsley St.","219 University Center","None","None","City","None","None"
"Wayne State University","36,749","1,949","5,418","32,607.00","656 West Kirby Street","Detroit","Michigan","48202","City","-83.0721008","42.35832629999999"
"Western Michigan University","28,517","1,384","2,632","34,886.00","1903 West Michigan Avenue","Kalamazoo","Michigan","49008","City","-85.6122304","42.2851393"
"Augsburg University ","2,031","58","369","50,935.00","2211 Riverside Ave","Minneapolis","Minnesota","55454","City","-93.2401161","44.9662953"
"Bethel University","5,178","31","600","41,300.00","3900 Bethel Dr","Saint Paul","Minnesota","55112","Suburb","-93.1624341","45.0575752"
"College of St Catherine","6,124","66","861","43,892.00","2004 Randolph Ave","Saint Paul","Minnesota","55105","City","-93.185092","44.92588680000001"
"Hamline University","8,902","242","630","42,698.00","1536 Hewitt Avenue","Saint Paul","Minnesota","55104","City","-93.16642720000002","44.9644191"
"Metropolitan State University","10,930","191","342","14,112.00","700 E Seventh St","Saint Paul","Minnesota","55106","City","-93.0725138","44.9584153"
"Minnesota State University-Mankato","17,968","756","1,341","24,210.00","South Rd and Ellis Ave","Mankato","Minnesota","56001","Town","-93.9986131","44.1463506"
"Saint Cloud State University","22,025","1,208","1,461","25,393.00","720 Fourth Ave. South","Saint Cloud","Minnesota","56301","City","-94.1512367","45.5488163"
"Saint Mary's University of Minnesota","8,656","239","315","37,100.00","700 Terrace Heights","Winona","Minnesota","55987","Town","-91.6954102","44.0431898"
"The College of Saint Scholastica","4,710","113","543","40,136.00","1200 Kenwood Ave","Duluth","Minnesota","55811","City","-92.1080999","46.8163661"
"University of Minnesota-Duluth","12,722","300","1,393","25,290.00","515 Darland Administration Bldg","Duluth","Minnesota","55812","City","-92.0844331","46.8170318"
"University of Minnesota-Twin Cities","64,349","5,582","10,759","29,050.00","100 Church Street SE","Minneapolis","Minnesota","55455","City","-93.23451089999999","44.9758602"
"University of St Thomas - Saint Paul, Minnesota","12,164","360","1,281","46,700.00","2115 Summit Ave","Saint Paul","Minnesota","55105","City","-93.18971390000002","44.9441221"
"Winona State University","9,691","318","1,002","25,460.00","8th and Johnson St","Winona","Minnesota","55987","Town","-91.6432837","44.0473997"
"Saint Louis University-Main Campus","12,280","1,097","4,068","None","None","None","None","None","None","None","None"
"Lindenwood University","17,309","1,151","732","30,560.00","209 S Kingshighway","Saint Charles","Missouri","63301","City","-90.497036","38.785579"
"Maryville University of Saint Louis","4,444","67","342","38,916.00","650 Maryville University Drive","Saint Louis","Missouri","63141","Suburb","-90.5054432","38.6468582"
"Missouri Baptist University","5,914","61","225","34,190.00","One College Park Dr","Saint Louis","Missouri","63141","Suburb","-90.46325680000001","38.6415281"
"Missouri State University","23,399","1,328","2,103","23,640.00","901 S National","Springfield","Missouri","65897","City","-93.27858119999999","37.1985841"
"Rockhurst University","3,425","15","375","41,513.00","1100 Rockhurst Rd","Kansas City","Missouri","64110","City","-94.5709368","39.0306761"
"Southwest Baptist University","4,499","40","384","27,750.00","1600 University Ave","Bolivar","Missouri","65613","Town","-93.41143339999999","37.6015836"
"University of Missouri-Columbia","35,788","1,932","9,390","34,669.00","105 Jesse Hall","Columbia","Missouri","65211","City","-92.328801","38.945325"
"University of Missouri-Kansas City","20,512","1,267","3,870","39,014.00","5100 Rockhill Rd","Kansas City","Missouri","64110","City","-94.5762776","39.03366949999999"
"University of Missouri-St Louis","21,177","706","1,599","39,956.00","One University Boulevard","Saint Louis","Missouri","63121","Suburb","-90.3086123","38.7137466"
"Washington University in St Louis","15,185","2,022","9,054","58,901.00","One Brookings Drive","Saint Louis","Missouri","63130","Suburb","-90.3050305","38.6480083"
"Webster University","26,006","205","576","40,413.00","470 E Lockwood Ave.","Saint Louis","Missouri","63119","Suburb","-90.34555519999999","38.5905285"
"StudyMississippi","None","None","None","None","None","None","None","None","None","None","None"
"Mississippi State University","22,335","871","3,318","None","None","None","None","None","None","None","None"
"University of Southern Mississippi","19,040","349","2,013","None","None","None","None","None","None","None","None"
"Delta State University","5,270","83","549","25,027.00","Hwy 8 West","Cleveland","Mississippi","38733","Town","-90.72484639999999","33.7477916"
"Jackson State University","9,565","None","1,134","26,736.00","1440 J R Lynch St","Jackson","Mississippi","39217","City","-90.2110957","32.297684"
"Mississippi College","5,789","286","582","24,853.00","200 South Capitol Street","Clinton","Mississippi","39058","Suburb","-90.33187749999999","32.3360631"
"University of Mississippi","19,911","883","2,337","37,848.00","Oxford- Mississippi","intladmu@olemiss.edu","None","None","Town","None","None"
"William Carey University","5,704","138","393","23,922.00","19640 Highway 67","Biloxi","Mississippi","39507","City","-89.05058299999999","30.5731296"
"Montana State University","15,427","557","2,138","31,272.00","Montana State University","Bozeman","Montana","59717","Town","-111.04981","45.6667557"
"University of Montana","13,044","716","949","33,495.00","105 International Center","Office of International Programs","None","None","City","None","None"
"Bellevue University","15,251","326","263","8,040.00","1000 Galvin Rd S","Bellevue","Nebraska","68005","Suburb","-95.9180528","41.1507402"
"Creighton University","8,826","188","2,169","45,132.00","2500 California Plaza","Omaha","Nebraska","68178","City","-95.9475985","41.2651072"
"University of Nebraska at Omaha","17,617","765","1,416","28,380.00","6001 Dodge St","Omaha","Nebraska","68182","City","-96.01071209999999","41.2581216"
"University of Nebraska-Lincoln","27,443","1,934","4,797","32,486.00","14th and R St","Lincoln","Nebraska","68588","City","-96.701134","40.8169285"
"University of Nevada-Las Vegas","36,235","1,850","2,340","36,459.00","4505 S Maryland Pky","Las Vegas","Nevada","89154","City","-115.1384115","36.1058529"
"University of Nevada-Reno","21,029","809","2,445","35,308.00","1664 N. Virginia Street","Reno","Nevada","89557","City","-119.819372","39.545898"
"University of Dayton","12,525","2,000","2,119","None","300 College Pk","None","None","None","None","None","None"
"Ashland University","8,919","241","756","41,429.00","401 College Ave","Ashland","Ohio","44805","Town","-82.32301559999999","40.8618277"
"Bowling Green State University-Main Campus","20,442","803","2,517","28,210.00","1001 East Wooster Street","319 Administration Building","None","None","Town","None","None"
"Capital University","4,223","54","564","43,120.00","1 College and Main","Columbus","Ohio","43209","Suburb","-82.938559","39.9549246"
"Case Western Reserve University","10,586","1,609","3,912","54,133.00","10900 Euclid Ave","Cleveland","Ohio","44106","City","-81.60992929999999","41.50461749999999"
"Cleveland State University","21,717","1,363","1,572","28,966.00","2121 Euclid Avenue","Cleveland","Ohio","44115","City","-81.6753362","41.5022414"
"College of Mount St. Joseph","2,947","None","369","33,832.00","5701 Delhi Rd","Cincinnati","Ohio","45233","Suburb","-84.6384041","39.0949555"
"Kent State University Kent Campus","32,075","1,680","2,632","32,080.00","PO BOX 5190","Kent","Ohio","44242","Suburb","-81.34146489999999","41.1490629"
"Miami University - Ohio","17,727","None","1,061","45,905.00","Office of Admission","301 South Campus Avenue","None","None","Town","None","None"
"Ohio Northern University","3,686","111","675","47,944.00","525 S. Main St","Ada","Ohio","45810","Town","-83.8238966","40.7655097"
"Ohio State University-Main Campus","64,425","5,713","10,149","41,766.00","190 N. Oval Mall","Columbus","Ohio","43210","City","-83.01340859999999","40.0005841"
"Ohio University-Main Campus","31,129","1,833","2,799","32,307.00","1","Athens","Ohio","45701","Town","-82.10791499999999","39.334405"
"The University of Findlay","6,746","455","633","39,278.00","1000 N Main St","Findlay","Ohio","45840","Town","-83.6514236","41.0537471"
"University of Akron Main Campus","32,183","1,264","2,343","30,474.00","302 Buchtel Common","Akron","Ohio","44325","City","-81.5115774","41.0771513"
"University of Cincinnati-Main Campus","38,041","2,312","5,940","41,351.00","2624 Clifton Avenue","Cincinnati","Ohio","45221","City","-84.5184317","39.1343961"
"University of Toledo","25,597","1,469","3,429","31,661.00","2801 W Bancroft","Toledo","Ohio","43606","City","-83.6126008","41.6624584"
"Ursuline College","1,800","9","207","35,880.00","2550 Lander Rd","Pepper Pike","Ohio","44124","Suburb","-81.4656522","41.4965154"
"Walsh University","3,500","43","365","35,453.00","2020 East Maple St","North Canton","Ohio","44720","Suburb","-81.36965599999999","40.873658"
"Wright State University-Main Campus","22,378","845","2,508","32,171.00","3640 Colonel Glenn Highway","Dayton","Ohio","45435","Suburb","-84.05921269999999","39.778275"
"Xavier University","8,695","230","1,029","43,880.00","3800 Victory Parkway","Cincinnati","Ohio","45207","City","-84.4795628","39.148913"
"Youngstown State University","18,058","193","1,323","20,134.00","One University Plaza","Youngstown","Ohio","44555","City","-80.6477","41.10626"
"Langston University","3,510","20","392","21,647.00","102 Page Hall","Langston","Oklahoma","73050","Rural","-97.262907","35.9459622"
"Northeastern State University","8,276","None","511","19,277.00","600 N Grand","Tahlequah","Oklahoma","74464","Town","-94.9661094","35.920645"
"Oklahoma City University","4,454","1,140","648","42,290.00","2501 N Blackwelder","Oklahoma City","Oklahoma","73106","City","-97.540194","35.493809"
"Oklahoma State University-Main Campus","26,807","2,066","3,909","32,135.00","107 Whitehurst","Stillwater","Oklahoma","74078","Town","-97.070567","36.1219844"
"University of Oklahoma Norman Campus","30,642","1,880","4,311","33,446.00","660 Parrington Oval","Norman","Oklahoma","73019","Suburb","-97.4456811","35.2085041"
"University of Tulsa","4,596","838","945","46,789.00","800 South Tucker Drive","Tulsa","Oklahoma","74104","City","-95.9467696","36.1490106"
"Oregon State University","28,188","1,870","5,022","None","None","None","None","None","None","None","None"
"Corban College","1,326","10","144","37,486.00","5000 Deer Park Dr SE","Salem","Oregon","97317","Rural","-122.9609521","44.8829475"
"George Fox University","4,237","178","534","41,480.00","414 N Meridian St","Newberg","Oregon","97132","Town","-122.9704656","45.3027851"
"Lewis & Clark College","4,361","265","679","51,458.00","0615 S W Palatine Hill Rd","Portland","Oregon","97219","City","-122.6701491","45.45017550000001"
"Pacific University","3,904","149","663","45,410.00","2043 College Way","Forest Grove","Oregon","97116","Suburb","-123.1094571","45.5209573"
"Portland State University","41,896","2,309","2,547","37,704.00","724 SW Harrison","Portland","Oregon","97201","City","-122.6845654","45.5111227"
"University of Oregon","27,078","2,266","3,870","40,916.00","240 Oregon Hall","Eugene","Oregon","97403","City","-123.0704296","44.0459883"
"University of Portland","4,532","255","633","50,830.00","5000 N Willamette Blvd","Portland","Oregon","97203","City","-122.7236596","45.57371699999999"
"Willamette University","3,099","313","718","50,402.00","900 State St","Salem","Oregon","97301","City","-123.0317802","44.9354439"
"Arcadia University","4,983","128","440","48,290.00","450 S Easton Rd","Glenside","Pennsylvania","19038","Suburb","-75.16388649999999","40.092564"
"Bloomsburg University of Pennsylvania","11,644","156","1,191","30,888.00","400 E Second St","Bloomsburg","Pennsylvania","17815","Town","-76.4488075","41.0064456"
"Bryn Mawr College","1,859","174","510","55,714.00","101 N Merion Avenue","Bryn Mawr","Pennsylvania","19010","Suburb","-75.31444619999999","40.0266437"
"Carlow University","3,483","9","288","35,780.00","3333 Fifth Ave","Pittsburgh","Pennsylvania","15213","City","-79.9631161","40.4389338"
"Carnegie Mellon University","12,175","3,747","3,841","57,520.00","5000 Forbes Ave","Pittsburgh","Pennsylvania","15213","City","-79.9433725","40.44416469999999"
"Chestnut Hill College","2,691","74","204","41,640.00","9601 Germantown Ave","Philadelphia","Pennsylvania","19118","City","-75.2286092","40.0866725"
"Drexel University","28,374","2,276","4,134","54,040.00","3141 Chestnut St","Philadelphia","Pennsylvania","19104","City","-75.1868606","39.9540928"
"Duquesne University","11,746","495","1,467","41,027.00","Administration Bldg 600 Forbes Ave","Pittsburgh","Pennsylvania","15282","City","-79.9901728","40.4372949"
"Eastern University","5,319","176","435","39,180.00","1300 Eagle Rd","Saint Davids","Pennsylvania","19087","Suburb","-75.3702259","40.0504374"
"Immaculata University","5,941","31","276","46,030.00","1145 King Rd","Immaculata","Pennsylvania","19345","Suburb","-75.56841159999999","40.0279016"
"Indiana University of Pennsylvania-Main Campus","17,018","768","1,887","32,875.00","1011 South Dr 201 Sutton Hall","Indiana","Pennsylvania","15705","Town","None","None"
"La Salle University","7,972","87","702","47,710.00","1900 W Olney Ave","Philadelphia","Pennsylvania","19141","City","-75.153854","40.0390582"
"Lebanon Valley College","2,338","2","306","45,200.00","101 N College Ave","Annville","Pennsylvania","17003","Suburb","-76.514673","40.3312446"
"Lehigh University","7,533","873","1,742","54,020.00","27 Memorial Dr W","Bethlehem","Pennsylvania","18015","City","-75.38016929999999","40.6068348"
"Marywood University","4,048","96","459","42,995.00","2300 Adams Ave","Scranton","Pennsylvania","18509","City","-75.6372363","41.4334254"
"Pennsylvania State University-Main Campus","49,025","4,856","9,588","43,084.00","201 Old Main","University Park","Pennsylvania","16802","City","-77.8627439","40.796466"
"Pennsylvania State University-Penn State Harrisburg","5,109","139","624","35,418.00","777 W Harrisburg Pike","Middletown","Pennsylvania","17057","Suburb","-76.73961779999999","40.1972904"
"Robert Morris University","5,823","194","582","37,768.00","6001 University Boulevard","Moon Township","Pennsylvania","15108","Suburb","-80.2124051","40.5190748"
"Saint Francis University","2,725","26","342","41,478.00","117 Evergreen Dr","Loretto","Pennsylvania","15940","Town","-78.63900269999999","40.5066666"
"Saint Joseph's University","10,788","357","897","52,846.00","5600 City Avenue","Philadelphia","Pennsylvania","19131","City","-75.2394431","39.993829"
"Slippery Rock University ","10,309","90","1,071","24,698.00","1 Morrow Way","Slippery Rock","Pennsylvania","16057","Town","-80.04118419999999","41.0630697"
"Temple University","42,688","2,224","5,805","39,832.00","1801 North Broad Street","Philadelphia","Pennsylvania","19122","City","-75.1579633","39.9810354"
"University of Pennsylvania","28,453","4,009","12,970","57,360.00","1 College Hall 34th and Spruce Sts","Philadelphia","Pennsylvania","19104","City","-75.1932137","39.9522188"
"University of Pittsburgh-Pittsburgh Campus","33,082","2,599","13,965","39,140.00","4200 Fifth Avenue","Pittsburgh","Pennsylvania","15260","City","-79.9534133","40.44439000000001"
"University of Scranton","6,858","155","828","51,274.00","800 Linden Street","Scranton","Pennsylvania","18510","City","-75.656958","41.4056064"
"Villanova University","12,136","477","1,977","54,520.00","800 Lancaster Avenue","Villanova","Pennsylvania","19085","Suburb","-75.3444079","40.0369846"
"Waynesburg University","2,972","2","231","29,000.00","51 W College St","Waynesburg","Pennsylvania","15370","Town","-80.18769139999999","39.8994825"
"Widener University - Pathway Program","5,532","137","708","50,151.00","One University Place","Chester","Pennsylvania","19013","Suburb","-75.35667529999999","39.8633562"
"Wilkes University","9,314","105","471","43,908.00","84 West South Street","Wilkes-Barre","Pennsylvania","18766","City","-75.8902177","41.2441949"
"York College Pennsylvania","6,233","30","567","27,800.00","Country Club Rd","York","Pennsylvania","17403","Suburb","-76.7291407","39.9454323"
"Belmont University","6,543","69","969","39,930.00","1900 Belmont Blvd","Nashville","Tennessee","37212","City","-86.79385669999999","36.1325006"
"East Tennessee State University","17,091","347","2,394","36,315.00","1276 Gilbreath Drive","Johnson City","Tennessee","37614","City","-82.3667992","36.3041913"
"Middle Tennessee State University","31,269","723","2,775","40,770.00","1301 East Main Street","Murfreesboro","Tennessee","37132","City","-86.3705889","35.8436241"
"Sewanee:  The University of the South","1,761","46","393","43,418.00","735 University Avenue","Sewanee","Tennessee","37383","Rural","-85.9208317","35.2025381"
"Tennessee State University","10,416","104","1,241","29,126.00","3500 John Merritt Blvd","Nashville","Tennessee","37209","City","-86.8260896","36.1682498"
"Tennessee Technological University","12,981","474","1,161","34,058.00","1 William L. Jones Drive","Cookeville","Tennessee","38505","Town","-85.5070223","36.175903"
"The University of Tennessee","32,981","1,421","6,828","40,713.00","Circle Park","Knoxville","Tennessee","37996","City","-83.9266023","35.9525344"
"The University of Tennessee at Chattanooga","12,015","147","1,356","33,044.00","615 McCallie Ave","Chattanooga","Tennessee","37403","City","-85.29827159999999","35.04789"
"Trevecca Nazarene University","3,106","19","255","33,186.00","333 Murfreesboro Rd","Nashville","Tennessee","37210","City","-86.7535011","36.1450579"
"Union University","5,195","48","711","40,000.00","1050 Union University Dr","Jackson","Tennessee","38305","City","-88.864009","35.676716"
"University of Memphis","26,312","676","2,784","36,528.00","1","Memphis","Tennessee","38152","City","-90.0436356","35.1482278"
"Vanderbilt University","13,500","1,177","10,671","58,554.00","2101 West End Avenue","Nashville","Tennessee","37240","City","-86.8028774","36.1494589"
"Abilene Christian University","5,120","244","738","38,250.00","1600 Campus Court","Abilene","Texas","79699","City","-99.71117489999999","32.4695289"
"Angelo State University","7,996","93","816","26,856.00","2601 W Avenue N","San Angelo","Texas","76909","City","-100.4659589","31.4419346"
"Baylor University","16,083","564","2,688","45,011.00","500 Speight Ave.","Waco","Texas","76798","City","-97.1182662","31.5447753"
"Dallas Baptist University","6,931","780","354","30,823.00","3000 Mountain Creek Parkway","Dallas","Texas","75211","City","-96.946411","32.7106801"
"Hardin-Simmons University","2,643","43","411","32,638.00","2200 Hickory","Abilene","Texas","79698","City","-99.73254999999999","32.475068"
"Lamar University","18,537","664","1,180","31,057.00","4400 MLK","Beaumont","Texas","77705","City","-94.075231","30.040144"
"Our Lady of the Lake University-San Antonio","2,963","37","342","34,583.00","411 SW 24th St","San Antonio","Texas","78207","City","-98.542512","29.4256219"
"Prairie View A & M University","9,946","215","1,047","23,981.00","5th Street Ave. A- L.W. Minor Street.","Prairie View","Texas","77446","Town","-95.98989639999999","30.0939175"
"Rice University","6,503","1,185","2,486","58,286.00","6100 S Main","Houston","Texas","77005","City","-95.3964068","29.7205057"
"Sam Houston State University","19,710","326","1,803","25,206.00","1806 Ave J","Huntsville","Texas","77340","Town","-95.5490274","30.7155156"
"Southern Methodist University","12,513","1,247","2,155","55,955.00","6425 Boaz St","Dallas","Texas","75275","Suburb","-96.78593339999999","32.8449511"
"St Marys University","4,475","209","594","36,356.00","One Camino Santa Maria","San Antonio","Texas","78228","City","-98.5640981","29.4523378"
"Stephen F Austin State University","14,939","175","1,518","30,556.00","1936 North St","Nacogdoches","Texas","75962","Rural","-94.6524932","31.6204701"
"Tarleton State University","13,690","99","1,125","25,095.00","1333 W. Washington","Stephenville","Texas","76401","Town","-98.2147778","32.21501"
"Texas A & M International University","8,287","319","576","14,671.00","5201 University Blvd","Laredo","Texas","78041","Rural","-99.4350626","27.5735219"
"Texas A & M University","51,417","4,560","7,086","36,113.00","1","College Station","Texas","77843","City","-96.31755969999999","30.6135359"
"Texas A & M University-Commerce","13,264","41","861","28,155.00","2600 South Neal","Commerce","Texas","75429","Town","-95.9090659","33.2353555"
"Texas A & M University-Corpus Christi","11,785","567","951","28,737.00","6300 Ocean Dr.","Corpus Christi","Texas","78412","City","-97.32414310000001","27.712744"
"Texas A & M University-Kingsville","11,927","653","1,170","28,910.00","955 University Blvd","Kingsville","Texas","78363","Town","-97.8847869","27.5269129"
"Texas Christian University","9,771","523","1,672","46,110.00","2800 S University Dr","Fort Worth","Texas","76129","City","-97.35933659999999","32.709151"
"Texas Southern University","11,063","358","1,200","31,567.00","3100 Cleburne St","Houston","Texas","77004","City","-95.3597786","29.7223299"
"Texas State University-San Marcos","36,743","298","3,336","27,422.00","601 University Dr","San Marcos","Texas","78666","Town","-97.9430682","29.8888838"
"Texas Tech University","35,105","2,434","3,801","28,265.00","Broadway and University Avenue","Lubbock","Texas","79409","City","-101.8705678","33.5845437"
"Texas Wesleyan University","3,768","50","534","31,070.00","1201 Wesleyan St","Fort Worth","Texas","76105","City","-97.2802071","32.7323764"
"Texas Woman's University","17,458","371","1,203","23,261.00","304 Administration Dr","Denton","Texas","76201","City","-97.12786299999999","33.2262575"
"The University of Texas at Arlington","45,533","3,818","2,553","28,946.00","701 S. Nedderman Dr.","Arlington","Texas","76013","City","-97.11519709999999","32.7292117"
"The University of Texas at Austin","50,440","5,187","3,090","26,523.00","1 University Station","Austin","Texas","78712","City","-97.7367052","30.2852432"
"The University of Texas at Brownsville","18,970","844","1,224","24,724.00","80 Fort Brown","Brownsville","Texas","78520","City","-97.49215","25.8986065"
"The University of Texas at Dallas","20,000","3,062","1,911","37,060.00","800 West Campbell  Road","Richardson","Texas","75080","City","-96.75023639999999","32.9857218"
"The University of Texas at El Paso","26,232","2,092","2,079","30,043.00","500 W. University Ave","El Paso","Texas","79968","City","-106.5058402","31.7678473"
"The University of Texas at San Antonio","28,787","1,600","1,383","37,050.00","One UTSA Circle","San Antonio","Texas","78249","City","-98.6196556","29.5830446"
"The University of Texas at Tyler","7,816","171","828","28,978.00","3900 University Blvd","Tyler","Texas","75799","City","-95.25423119999999","32.3157449"
"The University of Texas-Pan American","23,023","605","1,893","23,297.00","1201 W University Dr","Edinburg","Texas","78539","City","-98.17468910000001","26.3045367"
"University of Houston","45,001","3,914","3,794","28,417.00","212 E. Cullen Building","Houston","Texas","77204","City","-95.34352799999999","29.7203176"
"University of Houston-Clear Lake","10,338","1,087","750","None","2700 Bay Area Blvd","Houston","Texas","77058","Rural","-95.0986427","29.5812422"
"University of Mary Hardin-Baylor","3,302","129","423","33,500.00","900 College St","Belton","Texas","76513","Suburb","-97.4665354","31.0708561"
"University of North Texas","44,140","2,381","3,244","26,339.00","Chestnut Ave.","Denton","Texas","76203","City","-97.1429847","33.2112583"
"West Texas A & M University","9,232","261","747","25,014.00","2501 4th Ave","Canyon","Texas","79016","Town","-101.9158257","34.9798286"
"Brigham Young University","40,203","1,950","3,792","16,588.00","Main Campus","Provo","Utah","84602","City","-111.647744","40.241084"
"University of Utah","37,046","2,298","9,177","36,608.00","201 Presidents Circle","Salt Lake City","Utah","84112","City","-111.8427006","40.7589672"
"Utah State University","33,517","1,132","2,601","27,060.00","Old Main Hill","Logan","Utah","84322","City","-111.8090498","41.7417384"
"George Mason University","45,933","2,087","4,092","None","None","None","None","None","None","None","None"
"Marshall University","13,647","384","2,162","None","1 John Marshall Dr","Huntington","West","Virgi","None","-82.42890419999999","38.4223904"
"College of William and Mary","9,117","429","1,962","47,804.00","P.O. Box 8795","Williamsburg","Virginia","23187","Suburb","-76.71337799999999","37.271674"
"Hampton University","6,206","29","1,110","31,068.00","100 E Queen St.","Hampton","Virginia","23668","City","-76.3366127","37.021698"
"Liberty University","77,778","2,839","4,203","30,634.00","1971 University Blvd","Lynchburg","Virginia","24502","City","-79.17758119999999","37.3535393"
"Lynchburg College","3,185","24","531","41,085.00","1501 Lakeside Dr","Lynchburg","Virginia","24501","City","-79.183153","37.4006002"
"Marymount University","4,146","383","447","37,352.00","2807 N Glebe Rd","Arlington","Virginia","22207","City","-77.1281889","38.9055359"
"Norfolk State University","8,015","60","786","33,321.00","700 Park Ave","Norfolk","Virginia","23504","City","-76.2621193","36.8479841"
"Old Dominion University","29,176","1,010","2,295","30,799.00","5115 Hampton Blvd","Norfolk","Virginia","23529","City","-76.3035271","36.888932"
"Radford University","9,868","91","1,218","31,067.00","East Main Street","Radford","Virginia","24141","Town","-80.5446333","37.1371166"
"Shenandoah University","5,917","255","687","40,990.00","1460 University Dr","Winchester","Virginia","22601","City","-78.1583626","39.16601319999999"
"University of Richmond","5,500","338","1,188","54,460.00","28 Westhampton Way","Richmond","Virginia","23173","City","-77.5428644","37.5739212"
"University of Virginia-Main Campus","30,731","2,196","6,399","48,980.00","1","Charlottesville","Virginia","22904","City","-78.48469419999999","38.0251451"
"Virginia Commonwealth University","36,401","1,831","6,406","38,067.00","910 W Franklin St","Richmond","Virginia","23284","City","-77.4526597","37.5496312"
"Virginia Polytechnic Institute and State University","33,248","2,563","6,657","37,840.00","965 Prices Fork Road","Blacksburg","Virginia","24061","City","-80.4342387","37.2308784"
"Virginia State University","6,571","23","840","27,843.00","One Hayden Drive","Petersburg","Virginia","23806","Suburb","-77.4198758","37.2364644"
"Virginia Union University","2,247","14","273","26,055.00","1500 N Lombardy St","Richmond","Virginia","23220","City","-77.4518215","37.5599032"
"Washington and Lee University","2,183","92","801","54,843.00","204 West Washington Street","Lexington","Virginia","24450","Town","-79.4440952","37.7915362"
"West Virginia University","33,293","1,645","5,526","29,044.00","Stewart Hall- University Avenue","Morgantown","West","Virgi","City","-79.95442299999999","39.6343202"
"Middlebury College","4,560","502","804","57,050.00","Old Chapel","Middlebury","Vermont","05753","Rural","-73.1762729","44.0090869"
"University of Vermont","9,970","None","1,515","51,788.00","194 S Prospect St","Burlington","Vermont","05405","City","-73.2001416","44.4749527"
"Washington State University","29,962","2,033","5,143","None","None","None","None","None","None","None","None"
"Eastern Washington University","15,049","317","1,224","29,540.00","526 5th Street","Cheney","Washington","99004","Town","-117.5779793","47.4908212"
"Gonzaga University","8,756","194","1,197","44,849.00","E 502 Boone Ave","Spokane","Washington","99258","City","-117.4030333","47.6683445"
"Seattle Pacific University","4,656","84","624","43,195.00","3307 3rd Ave W","Seattle","Washington","98119","City","-122.3617421","47.649116"
"Seattle University","8,919","668","1,392","47,853.00","900 Broadway","Seattle","Washington","98122","City","-122.3207835","47.6102654"
"University of Puget Sound","2,992","20","720","52,040.00","1500 N Warner","Tacoma","Washington","98416","City","-122.4814332","47.2630967"
"University of Washington-Seattle Campus","49,554","4,158","10,653","41,543.00","1400 NE Campus Parkway","Seattle","Washington","98195","City","-122.3127075","47.6565538"
"Cardinal Stritch University","10,980","121","315","37,492.00","6801 N Yates Rd","Milwaukee","Wisconsin","53217","Suburb","-87.9071529","43.140054"
"Carroll University","3,975","50","363","37,050.00","100 N East Ave","Waukesha","Wisconsin","53186","City","-88.2280201","43.0044881"
"Edgewood College","3,949","83","411","34,816.00","1000 Edgewood College Drive","Madison","Wisconsin","53711","City","-89.4212376","43.0580408"
"Marquette University","12,529","542","2,034","44,922.00","615 N 11th St","Milwaukee","Wisconsin","53233","City","-87.92646599999999","43.037975"
"University of Wisconsin-La Crosse","11,876","463","1,284","25,397.00","1725 State St","La Crosse","Wisconsin","54601","City","-91.2300094","43.8136889"
"University of Wisconsin-Madison","46,756","4,955","9,426","38,199.00","702 W. Johnson Street","Suite 1101","None","None","City","None","None"
"University of Wisconsin-Milwaukee","36,123","1,151","3,318","31,514.00","2200 E Kenwood Blvd","Milwaukee","Wisconsin","53201","City","-87.881425","43.0752308"
"University of Wisconsin-Stevens Point","10,878","225","1,146","23,612.00","Main St","Stevens Point","Wisconsin","54481","Town","-89.5558604","44.5233134"
"University of Wyoming","14,902","847","3,285","25,904.00","Corner of Ninth and Ivinson","Laramie","Wyoming","82071","Town","-105.5856487","41.3114879"
